装修点评网,首页图片轮播,http://www.icolor.com.cn/landing?source=80018shouyetupian2
装修点评网,首页图片轮播,http://www.icolor.com.cn/landing?source=dianpingwang_shouyetupianlunbo
装修点评网,首页图片轮播,http://www.icolor.com.cn/landing?source=dianpingwang_shouyetupianlunbo2
装修点评网,首页图片轮播,http://www.icolor.com.cn/landing?source=80018shouyetupian2
装修点评网,客厅频道,http://www.icolor.com.cn/landing?source=80018ketingpingdao2
装修点评网,卧室频道,http://www.icolor.com.cn/landing?source=80018woshipingdao2
装修点评网,色彩搭配,http://www.icolor.com.cn/landing?source=80018secaidapei2
A963,首页,http://www.icolor.com.cn/landing?source=a963shouyedingbu2
A963,首页,http://www.icolor.com.cn/landing?source=a963shouyejiaodian2
A963,首页,http://www.icolor.com.cn/landing?source=a963shouyedidiyiping2
A963,首页,http://www.icolor.com.cn/landing?source=a963shouyeredian2
A963,首页,http://www.icolor.com.cn/landing?source=a963shouyemingrenzhuanfang2
A963,设计师通道,http://www.icolor.com.cn/landing?source=a963shejishitongdao2
A963,资讯中心,http://www.icolor.com.cn/landing?source=a963zixunzhongxinjiaodianxinwen2
A963,会员EDM,http://www.icolor.com.cn/landing?source=a963edmhuiyuanyoujian2
太平洋家居网,版块定制,http://www.icolor.com.cn/landing?source=pchousebankuaidingzhi2
太平洋家居网,版块定制,http://www.icolor.com.cn/landing?source=pchousebankuaidingzhi
搜狐焦点网,搜狐家居首页导购帮手,http://www.icolor.com.cn/landing?source=souhu_jiajushouyedaogoubangshou
搜狐焦点网,搜狐家居北京页面导购帮手,http://www.icolor.com.cn/landing?source=souhu_jiajubeijingyemiandaogoubangshou
搜狐焦点网,装修总论坛帖子置顶区,http://www.icolor.com.cn/landing?source=souhu_zhuangxiuzongluntantiezizhidingqu
篱笆网,首页-主题装修,http://www.icolor.com.cn/landing?source=pipa_shouyezhtizhuangxiu
篱笆网,首页-主题装修,http://www.icolor.com.cn/landing?source=pipa_shouyezhtizhuangxiu2
搜房网,全国行业频道,http://www.icolor.com.cn/landing?source=327_soufang1
搜房网,全国行业频道,http://www.icolor.com.cn/landing?source=327_soufang_ck1
搜房网,新闻详情页,http://www.icolor.com.cn/landing?source=327_soufang2
搜房网,新闻详情页,http://www.icolor.com.cn/landing?source=327_soufang_ck2
搜房网,品牌论坛帖子详情页,http://www.icolor.com.cn/landing?source=327_soufang3
搜房网,品牌论坛帖子详情页,http://www.icolor.com.cn/landing?source=327_soufang_ck3
搜房网,北京首页,http://www.icolor.com.cn/landing?source=327_soufang4
搜房网,北京首页,http://www.icolor.com.cn/landing?source=327_soufang_ck4
搜房网,上海首页,http://www.icolor.com.cn/landing?source=327_soufang5
搜房网,上海首页,http://www.icolor.com.cn/landing?source=327_soufang_ck5
搜房网,广州首页,http://www.icolor.com.cn/landing?source=327_soufang6
搜房网,广州首页,http://www.icolor.com.cn/landing?source=327_soufang_ck6
搜房网,深圳首页,http://www.icolor.com.cn/landing?source=327_soufang7
搜房网,深圳首页,http://www.icolor.com.cn/landing?source=327_soufang_ck7
搜房网,天津首页,http://www.icolor.com.cn/landing?source=327_soufang8
搜房网,天津首页,http://www.icolor.com.cn/landing?source=327_soufang_ck8
搜房网,重庆首页,http://www.icolor.com.cn/landing?source=327_soufang9
搜房网,重庆首页,http://www.icolor.com.cn/landing?source=327_soufang_ck9
搜房网,成都首页,http://www.icolor.com.cn/landing?source=327_soufang10
搜房网,成都首页,http://www.icolor.com.cn/landing?source=327_soufang_ck10
搜房网,武汉首页,http://www.icolor.com.cn/landing?source=327_soufang11
搜房网,武汉首页,http://www.icolor.com.cn/landing?source=327_soufang_ck11
搜房网,杭州首页,http://www.icolor.com.cn/landing?source=327_soufang12
搜房网,杭州首页,http://www.icolor.com.cn/landing?source=327_soufang_ck12
搜房网,石家庄首页,http://www.icolor.com.cn/landing?source=327_soufang13
搜房网,石家庄首页,http://www.icolor.com.cn/landing?source=327_soufang_ck13
搜房网,小区网,http://www.icolor.com.cn/landing?source=327_soufang14
搜房网,小区网,http://www.icolor.com.cn/landing?source=327_soufang_ck14
搜狐焦点网,搜狐家居,http://www.icolor.com.cn/landing?source=souhu_zhuangxiudaxue_shouye
搜狐焦点网,搜狐家居,http://www.icolor.com.cn/landing?source=souhu_jiajushouye
搜狐焦点网,搜狐家居,http://www.icolor.com.cn/landing?source=souhu_jiajushejishi
搜狐焦点网,搜狐家居,http://www.icolor.com.cn/landing?source=souhu_tuliaopindao
搜狐焦点网,搜狐家居,http://www.icolor.com.cn/landing?source=souhu_xinwenzhongxin
搜狐焦点网,搜狐家居,http://www.icolor.com.cn/landing?source=souhu_bendixinwen
搜狐焦点网,搜狐家居,http://www.icolor.com.cn/landing?source=327_souhujiaodian_kc1
搜狐焦点网,搜狐家居,http://www.icolor.com.cn/landing?source=327_souhujiaodian_kc2
搜狐焦点网,搜狐家居,http://www.icolor.com.cn/landing?source=327_souhujiaodian_kc3
搜狐焦点网,搜狐家居,http://www.icolor.com.cn/landing?source=327_souhujiaodian_kc4
搜狐焦点网,搜狐家居,http://www.icolor.com.cn/landing?source=327_souhujiaodian_kc5
搜狐焦点网,搜狐家居,http://www.icolor.com.cn/landing?source=327_souhujiaodian_kc6
和家,和家首页,http://www.icolor.com.cn/landing?source=327_hejia1
和家,和家首页,http://www.icolor.com.cn/landing?source=327_hejia_kc1
和家,和家首页,http://www.icolor.com.cn/landing?source=327_hejia_star1
和家,油漆涂料行业频道,http://www.icolor.com.cn/landing?source=327_hejia2
和家,油漆涂料行业频道,http://www.icolor.com.cn/landing?source=327_hejia_kc2
和家,居尚终端页,http://www.icolor.com.cn/landing?source=327_hejia3
和家,居尚终端页,http://www.icolor.com.cn/landing?source=327_hejia_kc3
和家,居尚终端页,http://www.icolor.com.cn/landing?source=327_hejia_star3
和家,图文资讯终端页,http://www.icolor.com.cn/landing?source=327_hejia4
和家,图文资讯终端页,http://www.icolor.com.cn/landing?source=327_hejia_kc4
装修点评网,色彩搭配,http://www.icolor.com.cn/landing?source=327_zhuangxiudianpin1
装修点评网,色彩搭配,http://www.icolor.com.cn/landing?source=327_zhuangxiudianpin_kc1
装修点评网,色彩搭配,http://www.icolor.com.cn/landing?source=327_zhuangxiudianpin_star1
装修点评网,网友样板间,http://www.icolor.com.cn/landing?source=327_zhuangxiudianpin2
装修点评网,网友样板间,http://www.icolor.com.cn/landing?source=327_zhuangxiudianpin_kc2
装修点评网,设计师,http://www.icolor.com.cn/landing?source=327_zhuangxiudianpin3
装修点评网,设计师,http://www.icolor.com.cn/landing?source=327_zhuangxiudianpin_kc3
装修点评网,设计师,http://www.icolor.com.cn/landing?source=327_zhuangxiudianpin_star3
新浪家居,家居论坛发帖详情页,http://www.icolor.com.cn/landing?source=428_sina_tk1
新浪家居,家居论坛发帖详情页,http://www.icolor.com.cn/landing?source=428_sina_ck1
新浪家居,家居论坛发帖详情页,http://www.icolor.com.cn/landing?source=428_sina_star1
新浪家居,家居论坛发帖详情页,http://www.icolor.com.cn/landing?source=428_sina_color1
新浪家居,家居论坛发帖详情页,http://www.icolor.com.cn/landing?source=428_sina_m_design1
新浪家居,新浪家居样板间最终页,http://www.icolor.com.cn/landing?source=428_sina_color2
新浪家居,家居全国首页,http://www.icolor.com.cn/landing?source=428_sina_tk3
新浪家居,网友家居秀首页,http://www.icolor.com.cn/landing?source=428_sina_tk4
新浪家居,网友家居秀首页,http://www.icolor.com.cn/landing?source=428_sina_ck4
新浪家居,网友家居秀首页,http://www.icolor.com.cn/landing?source=428_sina_star4
新浪家居,网友家居秀首页,http://www.icolor.com.cn/landing?source=428_sina_color4
新浪家居,网友家居秀首页,http://www.icolor.com.cn/landing?source=428_sina_m_design4
新浪家居,家居论坛首页,http://www.icolor.com.cn/landing?source=428_sina_ck5
太平洋家居网,装饰,http://www.icolor.com.cn/landing?source=428_taipingyang_ck1
太平洋家居网,装饰,http://www.icolor.com.cn/landing?source=428_taipingyang_m_design1
太平洋家居网,装饰,http://www.icolor.com.cn/landing?source=428_taipingyang_color2
太平洋家居网,装饰,http://www.icolor.com.cn/landing?source=428_taipingyang_m_design2
太平洋家居网,装修,http://www.icolor.com.cn/landing?source=428_taipingyang_tk3
太平洋家居网,装修,http://www.icolor.com.cn/landing?source=428_taipingyang_ck3
太平洋家居网,装修,http://www.icolor.com.cn/landing?source=428_taipingyang_star3
太平洋家居网,装修,http://www.icolor.com.cn/landing?source=428_taipingyang_color3
太平洋家居网,装修,http://www.icolor.com.cn/landing?source=428_taipingyang_m_design3
太平洋家居网,装修,http://www.icolor.com.cn/landing?source=428_taipingyang_tk4
太平洋家居网,装修,http://www.icolor.com.cn/landing?source=428_taipingyang_ck4
太平洋家居网,装修,http://www.icolor.com.cn/landing?source=428_taipingyang_m_design4
搜房网,全国行业频道http://home.soufun.com/tuliao/,http://www.icolor.com.cn/landing?source=327_soufang1
搜房网,全国行业频道http://home.soufun.com/tuliao/,http://www.icolor.com.cn/landing?source=327_soufang_ck1
搜房网,全国行业频道http://home.soufun.com/tuliao/,http://www.icolor.com.cn/landing?source=428_soufang_color1
搜房网,新闻详情页如http://home.soufun.com/news/2012-12-03/9094142.htm,http://www.icolor.com.cn/landing?source=327_soufang2
搜房网,新闻详情页如http://home.soufun.com/news/2012-12-03/9094142.htm,http://www.icolor.com.cn/landing?source=327_soufang_ck2
搜房网,新闻详情页如http://home.soufun.com/news/2012-12-03/9094142.htm,http://www.icolor.com.cn/landing?source=428_soufang_color2
搜房网,品牌论坛帖子详情页如http://home.soufun.com/bbs/pinpai/jc39~-1~556/57747803_57747803.htm,http://www.icolor.com.cn/landing?source=327_soufang3
搜房网,品牌论坛帖子详情页如http://home.soufun.com/bbs/pinpai/jc39~-1~556/57747803_57747803.htm,http://www.icolor.com.cn/landing?source=327_soufang_ck3
搜房网,品牌论坛帖子详情页如http://home.soufun.com/bbs/pinpai/jc39~-1~556/57747803_57747803.htm,http://www.icolor.com.cn/landing?source=428_soufang_color3
搜房网,北京首页http://home.soufun.com/,http://www.icolor.com.cn/landing?source=327_soufang4
搜房网,北京首页http://home.soufun.com/,http://www.icolor.com.cn/landing?source=327_soufang_ck4
搜房网,北京首页http://home.soufun.com/,http://www.icolor.com.cn/landing?source=428_soufang_color4
搜房网,上海首页http://home.sh.soufun.com/,http://www.icolor.com.cn/landing?source=327_soufang5
搜房网,上海首页http://home.sh.soufun.com/,http://www.icolor.com.cn/landing?source=327_soufang_ck5
搜房网,上海首页http://home.sh.soufun.com/,http://www.icolor.com.cn/landing?source=428_soufang_color5
搜房网,广州首页http://home.gz.soufun.com/,http://www.icolor.com.cn/landing?source=327_soufang6
搜房网,广州首页http://home.gz.soufun.com/,http://www.icolor.com.cn/landing?source=327_soufang_ck6
搜房网,广州首页http://home.gz.soufun.com/,http://www.icolor.com.cn/landing?source=428_soufang_color6
搜房网,深圳首页http://home.sz.soufun.com/,http://www.icolor.com.cn/landing?source=327_soufang7
搜房网,深圳首页http://home.sz.soufun.com/,http://www.icolor.com.cn/landing?source=327_soufang_ck7
搜房网,深圳首页http://home.sz.soufun.com/,http://www.icolor.com.cn/landing?source=428_soufang_color7
搜房网,天津首页http://home.tj.soufun.com/,http://www.icolor.com.cn/landing?source=327_soufang8
搜房网,天津首页http://home.tj.soufun.com/,http://www.icolor.com.cn/landing?source=327_soufang_ck8
搜房网,天津首页http://home.tj.soufun.com/,http://www.icolor.com.cn/landing?source=428_soufang_color8
搜房网,重庆首页http://home.cq.soufun.com/,http://www.icolor.com.cn/landing?source=327_soufang9
搜房网,重庆首页http://home.cq.soufun.com/,http://www.icolor.com.cn/landing?source=327_soufang_ck9
搜房网,重庆首页http://home.cq.soufun.com/,http://www.icolor.com.cn/landing?source=428_soufang_color9
搜房网,成都首页http://home.cd.soufun.com/,http://www.icolor.com.cn/landing?source=327_soufang10
搜房网,成都首页http://home.cd.soufun.com/,http://www.icolor.com.cn/landing?source=327_soufang_ck10
搜房网,成都首页http://home.cd.soufun.com/,http://www.icolor.com.cn/landing?source=428_soufang_color10
搜房网,武汉首页http://home.wh.soufun.com/,http://www.icolor.com.cn/landing?source=327_soufang11
搜房网,武汉首页http://home.wh.soufun.com/,http://www.icolor.com.cn/landing?source=327_soufang_ck11
搜房网,武汉首页http://home.wh.soufun.com/,http://www.icolor.com.cn/landing?source=428_soufang_color11
搜房网,杭州首页http://home.hz.soufun.com/,http://www.icolor.com.cn/landing?source=327_soufang12
搜房网,杭州首页http://home.hz.soufun.com/,http://www.icolor.com.cn/landing?source=327_soufang_ck12
搜房网,杭州首页http://home.hz.soufun.com/,http://www.icolor.com.cn/landing?source=428_soufang_color12
搜房网,石家庄首页http://home.sjz.soufun.com/,http://www.icolor.com.cn/landing?source=327_soufang13
搜房网,石家庄首页http://home.sjz.soufun.com/,http://www.icolor.com.cn/landing?source=327_soufang_ck13
搜房网,石家庄首页http://home.sjz.soufun.com/,http://www.icolor.com.cn/landing?source=428_soufang_color13
搜房网,小区网如http://zhongxincheng.soufun.com/3/zhuangxiu/,http://www.icolor.com.cn/landing?source=327_soufang14
搜房网,小区网如http://zhongxincheng.soufun.com/3/zhuangxiu/,http://www.icolor.com.cn/landing?source=327_soufang_ck14
搜房网,小区网如http://zhongxincheng.soufun.com/3/zhuangxiu/,http://www.icolor.com.cn/landing?source=428_soufang_color14
搜狐焦点网,搜狐家居装修大学首页第一通栏,http://www.icolor.com.cn/landing?source=souhu_zhuangxiudaxue_shouye
搜狐焦点网,搜狐家居装修大学首页第一通栏,http://www.icolor.com.cn/landing?source=327_souhujiaodian_kc1
搜狐焦点网,搜狐家居装修大学首页第一通栏,http://www.icolor.com.cn/landing?source=428_souhujiaodian_color1
搜狐焦点网,搜狐家居装修大学首页第一通栏,http://www.icolor.com.cn/landing?source=428_souhujiaodian_m_design1
搜狐焦点网,搜狐家居首页矩形,http://www.icolor.com.cn/landing?source=souhu_jiajushouye
搜狐焦点网,搜狐家居首页矩形,http://www.icolor.com.cn/landing?source=327_souhujiaodian_kc2
搜狐焦点网,搜狐家居首页矩形,http://www.icolor.com.cn/landing?source=428_souhujiaodian_color2
搜狐焦点网,搜狐家居首页矩形,http://www.icolor.com.cn/landing?source=428_souhujiaodian_m_design2
搜狐焦点网,搜狐家居设计师首页第一通栏右侧半通栏,http://www.icolor.com.cn/landing?source=souhu_jiajushejishi
搜狐焦点网,搜狐家居设计师首页第一通栏右侧半通栏,http://www.icolor.com.cn/landing?source=327_souhujiaodian_kc3
搜狐焦点网,搜狐家居设计师首页第一通栏右侧半通栏,http://www.icolor.com.cn/landing?source=428_souhujiaodian_color3
搜狐焦点网,搜狐家居设计师首页第一通栏右侧半通栏,http://www.icolor.com.cn/landing?source=428_souhujiaodian_m_design3
搜狐焦点网,搜狐家居涂料频道首页第一通栏左侧半通栏,http://www.icolor.com.cn/landing?source=souhu_tuliaopindao
搜狐焦点网,搜狐家居涂料频道首页第一通栏左侧半通栏,http://www.icolor.com.cn/landing?source=327_souhujiaodian_kc4
搜狐焦点网,搜狐家居涂料频道首页第一通栏左侧半通栏,http://www.icolor.com.cn/landing?source=428_souhujiaodian_color4
搜狐焦点网,搜狐家居涂料频道首页第一通栏左侧半通栏,http://www.icolor.com.cn/landing?source=428_souhujiaodian_m_design4
搜狐焦点网,搜狐家居新闻中心首页第一通栏左侧半通栏,http://www.icolor.com.cn/landing?source=souhu_xinwenzhongxin
搜狐焦点网,搜狐家居新闻中心首页第一通栏左侧半通栏,http://www.icolor.com.cn/landing?source=327_souhujiaodian_kc5
搜狐焦点网,搜狐家居新闻中心首页第一通栏左侧半通栏,http://www.icolor.com.cn/landing?source=428_souhujiaodian_color5
搜狐焦点网,搜狐家居新闻中心首页第一通栏左侧半通栏,http://www.icolor.com.cn/landing?source=428_souhujiaodian_m_design5
搜狐焦点网,搜狐家居首页本地新闻内1号文字链,http://www.icolor.com.cn/landing?source=souhu_bendixinwen
搜狐焦点网,搜狐家居首页本地新闻内1号文字链,http://www.icolor.com.cn/landing?source=327_souhujiaodian_kc6
搜狐焦点网,搜狐家居首页本地新闻内1号文字链,http://www.icolor.com.cn/landing?source=428_souhujiaodian_color6
搜狐焦点网,搜狐家居首页本地新闻内1号文字链,http://www.icolor.com.cn/landing?source=428_souhujiaodian_m_design6
搜狐焦点网,搜狐家居首页导购帮手,http://www.icolor.com.cn/landing?source=souhu_jiajushouyedaogoubangshou
搜狐焦点网,搜狐家居首页导购帮手,http://www.icolor.com.cn/landing?source=428_souhujiaodian_color7
搜狐焦点网,搜狐家居首页导购帮手,http://www.icolor.com.cn/landing?source=428_souhujiaodian_m_design7
搜狐焦点网,搜狐家居北京页面导购帮手,http://www.icolor.com.cn/landing?source=souhu_jiajubeijingyemiandaogoubangshou
搜狐焦点网,搜狐家居北京页面导购帮手,http://www.icolor.com.cn/landing?source=428_souhujiaodian_color8
搜狐焦点网,搜狐家居北京页面导购帮手,http://www.icolor.com.cn/landing?source=428_souhujiaodian_m_design8
搜狐焦点网,装修总论坛帖子置顶区,http://www.icolor.com.cn/landing?source=souhu_zhuangxiuzongluntantiezizhidingqu
搜狐焦点网,装修总论坛帖子置顶区,http://www.icolor.com.cn/landing?source=428_souhujiaodian_color9
搜狐焦点网,装修总论坛帖子置顶区,http://www.icolor.com.cn/landing?source=428_souhujiaodian_m_design9
和家,和家首页-通栏3,http://www.icolor.com.cn/landing?source=327_hejia1
和家,和家首页-通栏3,http://www.icolor.com.cn/landing?source=327_hejia_kc1
和家,和家首页-通栏3,http://www.icolor.com.cn/landing?source=428_hejia_star1
和家,和家首页-通栏3,http://www.icolor.com.cn/landing?source=428_hejia_color1
和家,和家首页-通栏3,http://www.icolor.com.cn/landing?source=428_hejia_m_design1
和家,油漆涂料行业频道,http://www.icolor.com.cn/landing?source=327_hejia2
和家,油漆涂料行业频道,http://www.icolor.com.cn/landing?source=327_hejia_kc2
和家,油漆涂料行业频道,http://www.icolor.com.cn/landing?source=428_hejia_color2
和家,居尚终端页,http://www.icolor.com.cn/landing?source=327_hejia3
和家,居尚终端页,http://www.icolor.com.cn/landing?source=327_hejia_kc3
和家,居尚终端页,http://www.icolor.com.cn/landing?source=428_hejia_star3
和家,居尚终端页,http://www.icolor.com.cn/landing?source=428_hejia_color3
和家,居尚终端页,http://www.icolor.com.cn/landing?source=428_hejia_m_design3
和家,图文资讯终端页,http://www.icolor.com.cn/landing?source=327_hejia4
和家,图文资讯终端页,http://www.icolor.com.cn/landing?source=327_hejia_kc4
和家,图文资讯终端页,http://www.icolor.com.cn/landing?source=428_hejia_m_design4
装修点评网,首页图片轮播,http://www.icolor.com.cn/landing?source=dianpingwang_shouyetupianlunbo
装修点评网,首页图片轮播,http://www.icolor.com.cn/landing?source=dianpingwang_shouyetupianlunbo2
装修点评网,首页图片轮播,http://www.icolor.com.cn/landing?source=428_zhuangxiudianpin_color1
装修点评网,首页图片轮播,http://www.icolor.com.cn/landing?source=428_zhuangxiudianpin_m_design1
装修点评网,色彩搭配,http://www.icolor.com.cn/landing?source=327_zhuangxiudianpin1
装修点评网,色彩搭配,http://www.icolor.com.cn/landing?source=327_zhuangxiudianpin_kc1
装修点评网,色彩搭配,http://www.icolor.com.cn/landing?source=428_zhuangxiudianpin_star2
装修点评网,色彩搭配,http://www.icolor.com.cn/landing?source=428_zhuangxiudianpin_color2
装修点评网,网友样板间,http://www.icolor.com.cn/landing?source=327_zhuangxiudianpin2
装修点评网,网友样板间,http://www.icolor.com.cn/landing?source=327_zhuangxiudianpin_kc2
装修点评网,网友样板间,http://www.icolor.com.cn/landing?source=428_zhuangxiudianpin_star3
装修点评网,网友样板间,http://www.icolor.com.cn/landing?source=428_zhuangxiudianpin_color3
装修点评网,设计师,http://www.icolor.com.cn/landing?source=327_zhuangxiudianpin3
装修点评网,设计师,http://www.icolor.com.cn/landing?source=327_zhuangxiudianpin_kc3
装修点评网,设计师,http://www.icolor.com.cn/landing?source=428_zhuangxiudianpin_star4
装修点评网,设计师,http://www.icolor.com.cn/landing?source=428_zhuangxiudianpin_color4
装修点评网,设计师,http://www.icolor.com.cn/landing?source=428_zhuangxiudianpin_m_design4
篱笆网,首页-我的篱笆,http://www.icolor.com.cn/landing?source=pipa_shouyezhtizhuangxiu
篱笆网,首页-我的篱笆,http://www.icolor.com.cn/landing?source=pipa_shouyezhtizhuangxiu2
篱笆网,首页-我的篱笆,http://www.icolor.com.cn/landing?source=428_pipawang_m_design1
篱笆网,材料·施工帖子详情页,http://www.icolor.com.cn/landing?source=428_pipawang_tk2
篱笆网,材料·施工帖子详情页,http://www.icolor.com.cn/landing?source=428_pipawang_ck2
篱笆网,材料·施工帖子详情页,http://www.icolor.com.cn/landing?source=428_pipawang_m_design2
篱笆网,装修日记帖子详情页,http://www.icolor.com.cn/landing?source=428_pipawang_tk3
篱笆网,装修日记帖子详情页,http://www.icolor.com.cn/landing?source=428_pipawang_ck3
篱笆网,装修日记帖子详情页,http://www.icolor.com.cn/landing?source=428_pipawang_m_design3