ÓÃ»§Ãû,ÓÃ»§ĞÔÖÊ,ÓÃ»§Ö÷Ò³url,Ê¡,ÊĞ,Çø
ÄÈ¼º,"",http://www.icolor.com.cn/users/2,"","",""
nannanhaoyun,ÆÕÍ¨ÓÃ»§,http://www.icolor.com.cn/users/3,"","",""
ÃÎÏë¼ÒD,ÔÚ¶ÁÉè¼ÆÊ¦,http://www.icolor.com.cn/users/4,ÉÏº£ÊĞ,ÉÏº£ÊĞ,Â¬ÍåÇø
"",ÆÕÍ¨ÓÃ»§,http://www.icolor.com.cn/users/5,±±¾©ÊĞ,±±¾©ÊĞ,³¯ÑôÇø
sdfsdfsdf,ÔÚÖ°Éè¼ÆÊ¦,http://www.icolor.com.cn/users/6,"","",""
geek,ÔÚ¶ÁÉè¼ÆÊ¦,http://www.icolor.com.cn/users/7,ÉÏº£ÊĞ,ÉÏº£ÊĞ,Â¬ÍåÇø
Ã×Ñ©¶ù,ÆÕÍ¨ÓÃ»§,http://www.icolor.com.cn/users/8,ÉÏº£ÊĞ,ÉÏº£ÊĞ,Ğì»ãÇø
clover_zhang,"",http://www.icolor.com.cn/users/9,"","",""
clover,ÔÚ¶ÁÉè¼ÆÊ¦,http://www.icolor.com.cn/users/10,ÉÏº£ÊĞ,ÉÏº£ÊĞ,·îÏÍÇø
Nora_Lei,ÆÕÍ¨ÓÃ»§,http://www.icolor.com.cn/users/11,±±¾©ÊĞ,±±¾©ÊĞ,³¯ÑôÇø
°«ÓÍ,ÆÕÍ¨ÓÃ»§,http://www.icolor.com.cn/users/12,ÉÏº£ÊĞ,ÉÏº£ÊĞ,Ğì»ãÇø
zhenxialy,ÆÕÍ¨ÓÃ»§,http://www.icolor.com.cn/users/13,ÉÏº£ÊĞ,ÉÏº£ÊĞ,´¨É³Çø
°¥Ó´Î¹,ÆÕÍ¨ÓÃ»§,http://www.icolor.com.cn/users/14,¹óÖİ,¹óÑô,½ğÑô¿ª·¢Çø
icolor,ÔÚÖ°Éè¼ÆÊ¦,http://www.icolor.com.cn/users/15,ÉÏº£ÊĞ,ÉÏº£ÊĞ,Ğì»ãÇø
¶¬ÌìµÄµÈ´ı,ÔÚ¶ÁÉè¼ÆÊ¦,http://www.icolor.com.cn/users/16,"","",""
aasdfg,ÔÚÖ°Éè¼ÆÊ¦,http://www.icolor.com.cn/users/17,º£ÄÏ,ÄÏÉ³Èºµº,ÄÏÉ³Èºµº
ÇïÌìµÄµÈ´ı,ÔÚÖ°Éè¼ÆÊ¦,http://www.icolor.com.cn/users/18,"","",""
ĞÂÓÃ»§,ÔÚÖ°Éè¼ÆÊ¦,http://www.icolor.com.cn/users/19,¸ÊËà,¼ÎÓø¹ØÊĞ,¼ÎÓø¹ØÊĞ
a ha,ÔÚÖ°Éè¼ÆÊ¦,http://www.icolor.com.cn/users/20,¸£½¨,¸£ÖİÊĞ,ÂŞÔ´ÏØ
liny,ÆÕÍ¨ÓÃ»§,http://www.icolor.com.cn/users/21,ÉÏº£ÊĞ,ÉÏº£ÊĞ,Ğì»ãÇø
sandara,ÆÕÍ¨ÓÃ»§,http://www.icolor.com.cn/users/22,ÉÏº£ÊĞ,ÉÏº£ÊĞ,Ğì»ãÇø
elsy,ÆÕÍ¨ÓÃ»§,http://www.icolor.com.cn/users/23,ºş±±,¾£ÃÅÊĞ,¾©É½ÏØ
lalalyo,ÔÚÖ°Éè¼ÆÊ¦,http://www.icolor.com.cn/users/24,ÔÆÄÏ,À¥Ã÷,¹Ù¶ÉÇø
Ò¶ÍÃ,ÔÚÖ°Éè¼ÆÊ¦,http://www.icolor.com.cn/users/25,"","",""
å›§è‰å,"",http://www.icolor.com.cn/users/26,"","",""
ÁÖÔÆliny,ÆÕÍ¨ÓÃ»§,http://www.icolor.com.cn/users/27,ÉÏº£ÊĞ,ÉÏº£ÊĞ,±¦É½Çø
ÁÖÔÆ,"",http://www.icolor.com.cn/users/28,"","",""
asas,"",http://www.icolor.com.cn/users/29,"","",""
rewrew,"",http://www.icolor.com.cn/users/30,"","",""
asasasa,ÔÚ¶ÁÉè¼ÆÊ¦,http://www.icolor.com.cn/users/31,¸£½¨,¸£ÖİÊĞ,²ÖÉ½Çø
ÕÅéª,¹«Ë¾,http://www.icolor.com.cn/users/32,±±¾©ÊĞ,±±¾©ÊĞ,Î÷³ÇÇø
"",ÆÕÍ¨ÓÃ»§,http://www.icolor.com.cn/users/33,ÉÏº£ÊĞ,ÉÏº£ÊĞ,»ÆÆÖÇø
Orangesky-wi,ÆÕÍ¨ÓÃ»§,http://www.icolor.com.cn/users/34,ÉÏº£ÊĞ,ÉÏº£ÊĞ,ÆÖ¶«ĞÂÇø
ÂóßéĞ¡,"",http://www.icolor.com.cn/users/35,ÉÏº£ÊĞ,ÉÏº£ÊĞ,»ÆÆÖÇø
dd,ÆÕÍ¨ÓÃ»§,http://www.icolor.com.cn/users/36,ÉÏº£ÊĞ,ÉÏº£ÊĞ,ÆÖ¶«ĞÂÇø
ÔÒÅ£¶ÙµÄ´óÆ»¹û,"",http://www.icolor.com.cn/users/37,"","",""
fgs g ,¹«Ë¾,http://www.icolor.com.cn/users/38,"","",""
·¢·¢,ÆÕÍ¨ÓÃ»§,http://www.icolor.com.cn/users/39,"","",""
ss,ÆÕÍ¨ÓÃ»§,http://www.icolor.com.cn/users/40,"","",""
sanpao,ÆÕÍ¨ÓÃ»§,http://www.icolor.com.cn/users/41,"","",""
ice-latte,ÔÚ¶ÁÉè¼ÆÊ¦,http://www.icolor.com.cn/users/42,ÉÏº£ÊĞ,ÉÏº£ÊĞ,Â¬ÍåÇø
¶øÎªÌ¨ÍåÈË,ÔÚÖ°Éè¼ÆÊ¦,http://www.icolor.com.cn/users/43,¸ÊËà,°×ÒøÊĞ,°×ÒøÇø
Clover,"",http://www.icolor.com.cn/users/44,"","",""
ÕÅĞ¡éª,ÔÚÖ°Éè¼ÆÊ¦,http://www.icolor.com.cn/users/45,±±¾©ÊĞ,±±¾©ÊĞ,·áÌ¨Çø
å­£å´ä¸¹áƒ¦æš–æš–,"",http://www.icolor.com.cn/users/46,"","",""
Äê»ª£¬»ĞÈô¸ôÊÀ,"",http://www.icolor.com.cn/users/47,"","",""
test1,ÔÚ¶ÁÉè¼ÆÊ¦,http://www.icolor.com.cn/users/48,"","",""
±ù´¼ÄÃÌú,"",http://www.icolor.com.cn/users/49,"","",""
ÕÅéª,"",http://www.icolor.com.cn/users/50,±±¾©ÊĞ,±±¾©ÊĞ,Î÷³ÇÇø
a111,ÆÕÍ¨ÓÃ»§,http://www.icolor.com.cn/users/51,"","",""
aa111,ÆÕÍ¨ÓÃ»§,http://www.icolor.com.cn/users/52,"","",""
a222,ÆÕÍ¨ÓÃ»§,http://www.icolor.com.cn/users/53,"","",""
ylylsheep,ÆÕÍ¨ÓÃ»§,http://www.icolor.com.cn/users/54,"","",""
Ö£»Ô,"",http://www.icolor.com.cn/users/55,"","",""
luoee1,ÆÕÍ¨ÓÃ»§,http://www.icolor.com.cn/users/56,"","",""
libang1,ÆÕÍ¨ÓÃ»§,http://www.icolor.com.cn/users/57,"","",""
libang2,ÆÕÍ¨ÓÃ»§,http://www.icolor.com.cn/users/58,"","",""
libang3,ÆÕÍ¨ÓÃ»§,http://www.icolor.com.cn/users/59,"","",""
libang6,ÆÕÍ¨ÓÃ»§,http://www.icolor.com.cn/users/60,"","",""
libang7,ÆÕÍ¨ÓÃ»§,http://www.icolor.com.cn/users/61,"","",""
libang10,ÆÕÍ¨ÓÃ»§,http://www.icolor.com.cn/users/62,"","",""
geek123,ÆÕÍ¨ÓÃ»§,http://www.icolor.com.cn/users/63,"","",""
hjhjklljk,ÔÚ¶ÁÉè¼ÆÊ¦,http://www.icolor.com.cn/users/64,"","",""
HIHIHI,¹«Ë¾,http://www.icolor.com.cn/users/65,±±¾©ÊĞ,±±¾©ÊĞ,Î÷³ÇÇø
jason5202,ÔÚÖ°Éè¼ÆÊ¦,http://www.icolor.com.cn/users/66,"","",""
cici,ÆÕÍ¨ÓÃ»§,http://www.icolor.com.cn/users/67,"","",""
jason,ÔÚÖ°Éè¼ÆÊ¦,http://www.icolor.com.cn/users/68,"","",""
libang20,ÆÕÍ¨ÓÃ»§,http://www.icolor.com.cn/users/69,"","",""
like899,ÆÕÍ¨ÓÃ»§,http://www.icolor.com.cn/users/70,"","",""
kk8999,ÔÚÖ°Éè¼ÆÊ¦,http://www.icolor.com.cn/users/71,"","",""
jason520,ÔÚÖ°Éè¼ÆÊ¦,http://www.icolor.com.cn/users/72,"","",""
babypink,ÆÕÍ¨ÓÃ»§,http://www.icolor.com.cn/users/73,"","",""
elink,ÔÚ¶ÁÉè¼ÆÊ¦,http://www.icolor.com.cn/users/74,ÉÏº£ÊĞ,ÉÏº£ÊĞ,³¤ÄşÇø
doorder,ÔÚÖ°Éè¼ÆÊ¦,http://www.icolor.com.cn/users/75,ÉÏº£ÊĞ,ÉÏº£ÊĞ,ÇàÆÖÇø
É«²Ê×°ÊÎ ,¹«Ë¾,http://www.icolor.com.cn/users/76,±±¾©ÊĞ,±±¾©ÊĞ,Î÷³ÇÇø
wonderful,ÆÕÍ¨ÓÃ»§,http://www.icolor.com.cn/users/77,½­ËÕ,ËÕÖİ,À¥É½ÊĞ
"",ÔÚ¶ÁÉè¼ÆÊ¦,http://www.icolor.com.cn/users/4084,ÉÏº£ÊĞ,ÉÏº£ÊĞ,»ÆÆÖÇø
Ï¬ÀûµÄÀî¸øÁ¦,ÔÚ¶ÁÉè¼ÆÊ¦,http://www.icolor.com.cn/users/4085,ÉÏº£ÊĞ,ÉÏº£ÊĞ,³¤ÄşÇø
yu'yu,ÔÚ¶ÁÉè¼ÆÊ¦,http://www.icolor.com.cn/users/4086,"","",""
hsicew,ÆÕÍ¨ÓÃ»§,http://www.icolor.com.cn/users/4087,"","",""
shanbnihis,ÔÚ¶ÁÉè¼ÆÊ¦,http://www.icolor.com.cn/users/4088,"","",""
¶¼¹ÖÎÒÎÂÈáÎÂÈá,ÔÚ¶ÁÉè¼ÆÊ¦,http://www.icolor.com.cn/users/4089,"","",""
ÍßàêÀ­,ÔÚÖ°Éè¼ÆÊ¦,http://www.icolor.com.cn/users/4090,ÉÂÎ÷,ÏÌÑôÊĞ,Ñ®ÒØÏØ
huangbing9826,ÔÚ¶ÁÉè¼ÆÊ¦,http://www.icolor.com.cn/users/4091,Õã½­,Äş²¨,´ÈÏªÊĞ
chizi36,ÆÕÍ¨ÓÃ»§,http://www.icolor.com.cn/users/4092,ÉÏº£ÊĞ,ÉÏº£ÊĞ,´¨É³Çø
ÍÃ±¦11,ÆÕÍ¨ÓÃ»§,http://www.icolor.com.cn/users/4093,ÉÏº£ÊĞ,ÉÏº£ÊĞ,ÑîÆÖÇø
ÌìÌÃµÄ»éÉ´,ÆÕÍ¨ÓÃ»§,http://www.icolor.com.cn/users/4094,"","",""
»¨¶ù´ºÌì¿ª,ÆÕÍ¨ÓÃ»§,http://www.icolor.com.cn/users/4095,"","",""
»¨¶ùÇïÌì¿ª,ÔÚÖ°Éè¼ÆÊ¦,http://www.icolor.com.cn/users/4096,"","",""
lovekamily,ÆÕÍ¨ÓÃ»§,http://www.icolor.com.cn/users/4097,"","",""
ÑîÄş,ÆÕÍ¨ÓÃ»§,http://www.icolor.com.cn/users/4098,"","",""
zym891002,ÆÕÍ¨ÓÃ»§,http://www.icolor.com.cn/users/4099,"","",""
¹ËÀÚ,ÆÕÍ¨ÓÃ»§,http://www.icolor.com.cn/users/4100,"","",""
»¨»¨ÊÓ½çspy,ÆÕÍ¨ÓÃ»§,http://www.icolor.com.cn/users/4101,"","",""
´÷¾Ã,ÆÕÍ¨ÓÃ»§,http://www.icolor.com.cn/users/4102,"","",""
ÎŞµĞĞ¡ÃŞ»¨,ÆÕÍ¨ÓÃ»§,http://www.icolor.com.cn/users/4103,"","",""
angelin,ÆÕÍ¨ÓÃ»§,http://www.icolor.com.cn/users/4104,"","",""
Aggie,ÆÕÍ¨ÓÃ»§,http://www.icolor.com.cn/users/4105,"","",""
Ğ¡ÂéÈ¸,ÆÕÍ¨ÓÃ»§,http://www.icolor.com.cn/users/4106,"","",""
Trista,ÆÕÍ¨ÓÃ»§,http://www.icolor.com.cn/users/4107,"","",""
little happy,ÆÕÍ¨ÓÃ»§,http://www.icolor.com.cn/users/4108,"","",""
tina0715,ÆÕÍ¨ÓÃ»§,http://www.icolor.com.cn/users/4109,"","",""
danbbie000,ÆÕÍ¨ÓÃ»§,http://www.icolor.com.cn/users/4110,"","",""
Â³±ò,ÆÕÍ¨ÓÃ»§,http://www.icolor.com.cn/users/4111,ÉÏº£ÊĞ,ÉÏº£ÊĞ,ÆÖ¶«ĞÂÇø
ÑîÇ¬Áá,ÆÕÍ¨ÓÃ»§,http://www.icolor.com.cn/users/4112,¹ã¶«,ÉîÛÚÊĞ,ÄÏÉ½Çø
cici889,ÆÕÍ¨ÓÃ»§,http://www.icolor.com.cn/users/4113,"","",""
Õ¼Õ¼,ÆÕÍ¨ÓÃ»§,http://www.icolor.com.cn/users/4114,"","",""
weerghegrf,ÔÚÖ°Éè¼ÆÊ¦,http://www.icolor.com.cn/users/4115,±±¾©ÊĞ,±±¾©ÊĞ,¶«³ÇÇø
nicolenikoniko,ÆÕÍ¨ÓÃ»§,http://www.icolor.com.cn/users/4116,"","",""
Öì¾üÉú,ÔÚ¶ÁÉè¼ÆÊ¦,http://www.icolor.com.cn/users/4117,ÁÉÄş,´óÁ¬,É³ºÓ¿ÚÇø
¹ù¶°,ÆÕÍ¨ÓÃ»§,http://www.icolor.com.cn/users/4118,±±¾©ÊĞ,±±¾©ÊĞ,¶«³ÇÇø
siwia,ÔÚÖ°Éè¼ÆÊ¦,http://www.icolor.com.cn/users/4119,ÉÏº£ÊĞ,ÉÏº£ÊĞ,Ğì»ãÇø
æ¤æ¤ÂéÂé°®³ÔÈâ,ÆÕÍ¨ÓÃ»§,http://www.icolor.com.cn/users/4120,ÉÏº£ÊĞ,ÉÏº£ÊĞ,¾²°²Çø
hyn63,"",http://www.icolor.com.cn/users/4121,"","",""
mydear1971,ÆÕÍ¨ÓÃ»§,http://www.icolor.com.cn/users/4122,ËÄ´¨,ÃàÑôÊĞ,¸¢³ÇÇø
red,ÆÕÍ¨ÓÃ»§,http://www.icolor.com.cn/users/4123,"","",""
weiwei5331,ÆÕÍ¨ÓÃ»§,http://www.icolor.com.cn/users/4124,"","",""
winterzhao1985,ÆÕÍ¨ÓÃ»§,http://www.icolor.com.cn/users/4125,"","",""
ÈÕ×ÓºÜÎŞÁÄĞ¡½ã,ÆÕÍ¨ÓÃ»§,http://www.icolor.com.cn/users/4126,"","",""
likefly713,ÆÕÍ¨ÓÃ»§,http://www.icolor.com.cn/users/4127,"","",""
wendyland1999,ÆÕÍ¨ÓÃ»§,http://www.icolor.com.cn/users/4128,"","",""
demi,ÆÕÍ¨ÓÃ»§,http://www.icolor.com.cn/users/4129,"","",""
shpdsc,"",http://www.icolor.com.cn/users/4130,"","",""
ÅÖ¶à¶àtracy,ÆÕÍ¨ÓÃ»§,http://www.icolor.com.cn/users/4131,"","",""
ivy4u,ÆÕÍ¨ÓÃ»§,http://www.icolor.com.cn/users/4132,"","",""
chrimmy,"",http://www.icolor.com.cn/users/4133,"","",""
bourne,"",http://www.icolor.com.cn/users/4134,"","",""
bjh,ÔÚ¶ÁÉè¼ÆÊ¦,http://www.icolor.com.cn/users/4135,ÁÉÄş,´óÁ¬,ÖĞÉ½Çø
qlp,ÔÚ¶ÁÉè¼ÆÊ¦,http://www.icolor.com.cn/users/4136,ÁÉÄş,´óÁ¬,ÖĞÉ½Çø
alex,ÔÚ¶ÁÉè¼ÆÊ¦,http://www.icolor.com.cn/users/4137,ÁÉÄş,´óÁ¬,É³ºÓ¿ÚÇø
ÀîºÌÎÄ,ÔÚ¶ÁÉè¼ÆÊ¦,http://www.icolor.com.cn/users/4138,ÁÉÄş,´óÁ¬,ÖĞÉ½Çø
ÍõÖ¾ÓÂ,ÔÚ¶ÁÉè¼ÆÊ¦,http://www.icolor.com.cn/users/4139,ÁÉÄş,´óÁ¬,ÖĞÉ½Çø
Á«×Ó,ÆÕÍ¨ÓÃ»§,http://www.icolor.com.cn/users/4140,"","",""
ÀîºÌÎÄ,ÔÚ¶ÁÉè¼ÆÊ¦,http://www.icolor.com.cn/users/4141,ÁÉÄş,´óÁ¬,ÖĞÉ½Çø
ÕÔĞ¡ÁÖ,ÆÕÍ¨ÓÃ»§,http://www.icolor.com.cn/users/4142,ÉÏº£ÊĞ,ÉÏº£ÊĞ,»ÆÆÖÇø
demi_zd,ÆÕÍ¨ÓÃ»§,http://www.icolor.com.cn/users/4143,"","",""
lucgong,ÆÕÍ¨ÓÃ»§,http://www.icolor.com.cn/users/4144,"","",""
ÕÅÅô,ÔÚ¶ÁÉè¼ÆÊ¦,http://www.icolor.com.cn/users/4145,ÁÉÄş,´óÁ¬,ÖĞÉ½Çø
gongyi508,ÆÕÍ¨ÓÃ»§,http://www.icolor.com.cn/users/4146,"","",""
¶¡Áá,ÆÕÍ¨ÓÃ»§,http://www.icolor.com.cn/users/4147,±±¾©ÊĞ,±±¾©ÊĞ,³¯ÑôÇø
Å£Ğ¡Å£cow,ÆÕÍ¨ÓÃ»§,http://www.icolor.com.cn/users/4148,"","",""
µÆÅİ,ÆÕÍ¨ÓÃ»§,http://www.icolor.com.cn/users/4149,"","",""
ÁµÉÏÖĞ¹ú·ç,ÆÕÍ¨ÓÃ»§,http://www.icolor.com.cn/users/4150,°²»Õ,ºÏ·Ê,ÊñÉ½Çø
É«²ÊÌìÌÃ,ÆÕÍ¨ÓÃ»§,http://www.icolor.com.cn/users/4151,±±¾©ÊĞ,±±¾©ÊĞ,³¯ÑôÇø
ÄÏ°¶,ÔÚÖ°Éè¼ÆÊ¦,http://www.icolor.com.cn/users/4152,"","",""
w  ,ÆÕÍ¨ÓÃ»§,http://www.icolor.com.cn/users/4153,"","",""
ÀµĞ¡µ¤,ÆÕÍ¨ÓÃ»§,http://www.icolor.com.cn/users/4154,½­Î÷,Æ¼ÏçÊĞ,ÉÏÀõÏØ
zwx-love,ÆÕÍ¨ÓÃ»§,http://www.icolor.com.cn/users/4155,¹ã¶«,¹ãÖİÊĞ,·¬Ø®Çø
Ğ¡Ã×¶à¶à,ÆÕÍ¨ÓÃ»§,http://www.icolor.com.cn/users/4156,"","",""
y333,ÆÕÍ¨ÓÃ»§,http://www.icolor.com.cn/users/4157,"","",""
a123,ÆÕÍ¨ÓÃ»§,http://www.icolor.com.cn/users/4158,"","",""
a234,ÆÕÍ¨ÓÃ»§,http://www.icolor.com.cn/users/4159,"","",""
s111,ÆÕÍ¨ÓÃ»§,http://www.icolor.com.cn/users/4160,"","",""
test001,ÆÕÍ¨ÓÃ»§,http://www.icolor.com.cn/users/4161,"","",""
test003,¹«Ë¾,http://www.icolor.com.cn/users/4162,"","",""
test006,ÆÕÍ¨ÓÃ»§,http://www.icolor.com.cn/users/4163,"","",""
chudennis,ÆÕÍ¨ÓÃ»§,http://www.icolor.com.cn/users/4164,"","",""
hilarymizuki,ÆÕÍ¨ÓÃ»§,http://www.icolor.com.cn/users/4165,"","",""
iNeil,ÆÕÍ¨ÓÃ»§,http://www.icolor.com.cn/users/4166,±±¾©ÊĞ,±±¾©ÊĞ,³¯ÑôÇø
Íõ½¨ĞË,ÆÕÍ¨ÓÃ»§,http://www.icolor.com.cn/users/4167,½­ËÕ,ËÕÖİ,ÕÅ¼Ò¸ÛÊĞ
ÀîÄ³,ÆÕÍ¨ÓÃ»§,http://www.icolor.com.cn/users/4168,É½¶«,¼ÃÄÏ,ÌìÇÅÇø
¼¾ºò·ç,ÆÕÍ¨ÓÃ»§,http://www.icolor.com.cn/users/4169,"","",""
