用户名,用户性质,用户主页url,省,市,区
"","",http://icolor.com.cn/,"","",""
"","",http://icolor.com.cn/,"","",""
"","",http://icolor.com.cn/,"","",""
"","",http://icolor.com.cn/,"","",""
"","",http://icolor.com.cn/,"","",""
"","",http://icolor.com.cn/,"","",""
"","",http://icolor.com.cn/,"","",""
"","",http://icolor.com.cn/,"","",""
"","",http://icolor.com.cn/,"","",""
"","",http://icolor.com.cn/,"","",""
"","",http://icolor.com.cn/,"","",""
"","",http://icolor.com.cn/,"","",""
"","",http://icolor.com.cn/,"","",""
"","",http://icolor.com.cn/,"","",""
geek,在读设计师,http://icolor.com.cn/7,上海市,上海市,卢湾区
geek,在读设计师,http://icolor.com.cn/7,上海市,上海市,卢湾区
geek,在读设计师,http://icolor.com.cn/7,上海市,上海市,卢湾区
geek,在读设计师,http://icolor.com.cn/7,上海市,上海市,卢湾区
geek,在读设计师,http://icolor.com.cn/7,上海市,上海市,卢湾区
geek,在读设计师,http://icolor.com.cn/7,上海市,上海市,卢湾区
geek,在读设计师,http://icolor.com.cn/7,上海市,上海市,卢湾区
geek,在读设计师,http://icolor.com.cn/7,上海市,上海市,卢湾区
geek,在读设计师,http://icolor.com.cn/7,上海市,上海市,卢湾区
geek,在读设计师,http://icolor.com.cn/7,上海市,上海市,卢湾区
geek,在读设计师,http://icolor.com.cn/7,上海市,上海市,卢湾区
geek,在读设计师,http://icolor.com.cn/7,上海市,上海市,卢湾区
geek,在读设计师,http://icolor.com.cn/7,上海市,上海市,卢湾区
geek,在读设计师,http://icolor.com.cn/7,上海市,上海市,卢湾区
geek,在读设计师,http://icolor.com.cn/7,上海市,上海市,卢湾区
geek,在读设计师,http://icolor.com.cn/7,上海市,上海市,卢湾区
geek,在读设计师,http://icolor.com.cn/7,上海市,上海市,卢湾区
geek,在读设计师,http://icolor.com.cn/7,上海市,上海市,卢湾区
geek,在读设计师,http://icolor.com.cn/7,上海市,上海市,卢湾区
"","",http://icolor.com.cn/,"","",""
zhenxialy,普通用户,http://icolor.com.cn/13,上海市,上海市,川沙区
zhenxialy,普通用户,http://icolor.com.cn/13,上海市,上海市,川沙区
Nora_Lei,普通用户,http://icolor.com.cn/11,北京市,北京市,朝阳区
"","",http://icolor.com.cn/,"","",""
"","",http://icolor.com.cn/,"","",""
"","",http://icolor.com.cn/,"","",""
"","",http://icolor.com.cn/,"","",""
elsy,普通用户,http://icolor.com.cn/23,湖北,荆门市,京山县
zhenxialy,普通用户,http://icolor.com.cn/13,上海市,上海市,川沙区
zhenxialy,普通用户,http://icolor.com.cn/13,上海市,上海市,川沙区
zhenxialy,普通用户,http://icolor.com.cn/13,上海市,上海市,川沙区
zhenxialy,普通用户,http://icolor.com.cn/13,上海市,上海市,川沙区
zhenxialy,普通用户,http://icolor.com.cn/13,上海市,上海市,川沙区
zhenxialy,普通用户,http://icolor.com.cn/13,上海市,上海市,川沙区
zhenxialy,普通用户,http://icolor.com.cn/13,上海市,上海市,川沙区
zhenxialy,普通用户,http://icolor.com.cn/13,上海市,上海市,川沙区
zhenxialy,普通用户,http://icolor.com.cn/13,上海市,上海市,川沙区
zhenxialy,普通用户,http://icolor.com.cn/13,上海市,上海市,川沙区
zhenxialy,普通用户,http://icolor.com.cn/13,上海市,上海市,川沙区
zhenxialy,普通用户,http://icolor.com.cn/13,上海市,上海市,川沙区
zhenxialy,普通用户,http://icolor.com.cn/13,上海市,上海市,川沙区
zhenxialy,普通用户,http://icolor.com.cn/13,上海市,上海市,川沙区
"","",http://icolor.com.cn/,"","",""
"","",http://icolor.com.cn/,"","",""
"","",http://icolor.com.cn/,"","",""
"","",http://icolor.com.cn/,"","",""
"","",http://icolor.com.cn/,"","",""
"","",http://icolor.com.cn/,"","",""
"","",http://icolor.com.cn/,"","",""
"","",http://icolor.com.cn/,"","",""
"","",http://icolor.com.cn/,"","",""
"","",http://icolor.com.cn/,"","",""
"","",http://icolor.com.cn/,"","",""
"","",http://icolor.com.cn/,"","",""
"","",http://icolor.com.cn/,"","",""
"","",http://icolor.com.cn/,"","",""
"","",http://icolor.com.cn/,"","",""
"","",http://icolor.com.cn/,"","",""
"","",http://icolor.com.cn/,"","",""
"","",http://icolor.com.cn/,"","",""
"","",http://icolor.com.cn/,"","",""
"","",http://icolor.com.cn/,"","",""
"","",http://icolor.com.cn/,"","",""
"","",http://icolor.com.cn/,"","",""
"","",http://icolor.com.cn/,"","",""
"","",http://icolor.com.cn/,"","",""
"","",http://icolor.com.cn/,"","",""
"","",http://icolor.com.cn/,"","",""
"","",http://icolor.com.cn/,"","",""
"","",http://icolor.com.cn/,"","",""
"","",http://icolor.com.cn/,"","",""
"","",http://icolor.com.cn/,"","",""
fgs g ,公司,http://icolor.com.cn/38,"","",""
"","",http://icolor.com.cn/,"","",""
sanpao,普通用户,http://icolor.com.cn/41,"","",""
sanpao,普通用户,http://icolor.com.cn/41,"","",""
"","",http://icolor.com.cn/,"","",""
"","",http://icolor.com.cn/,"","",""
"","",http://icolor.com.cn/,"","",""
"","",http://icolor.com.cn/,"","",""
"",普通用户,http://icolor.com.cn/5,北京市,北京市,朝阳区
"",普通用户,http://icolor.com.cn/5,北京市,北京市,朝阳区
"",普通用户,http://icolor.com.cn/5,北京市,北京市,朝阳区
"",普通用户,http://icolor.com.cn/5,北京市,北京市,朝阳区
"",普通用户,http://icolor.com.cn/5,北京市,北京市,朝阳区
"",普通用户,http://icolor.com.cn/5,北京市,北京市,朝阳区
"",普通用户,http://icolor.com.cn/5,北京市,北京市,朝阳区
"",普通用户,http://icolor.com.cn/5,北京市,北京市,朝阳区
clover,在读设计师,http://icolor.com.cn/10,上海市,上海市,奉贤区
"","",http://icolor.com.cn/,"","",""
"","",http://icolor.com.cn/,"","",""
"","",http://icolor.com.cn/,"","",""
"","",http://icolor.com.cn/,"","",""
"","",http://icolor.com.cn/,"","",""
"","",http://icolor.com.cn/,"","",""
"","",http://icolor.com.cn/,"","",""
"","",http://icolor.com.cn/,"","",""
"","",http://icolor.com.cn/,"","",""
"","",http://icolor.com.cn/,"","",""
"","",http://icolor.com.cn/,"","",""
"","",http://icolor.com.cn/,"","",""
"","",http://icolor.com.cn/,"","",""
叶兔,在职设计师,http://icolor.com.cn/25,"","",""
叶兔,在职设计师,http://icolor.com.cn/25,"","",""
叶兔,在职设计师,http://icolor.com.cn/25,"","",""
叶兔,在职设计师,http://icolor.com.cn/25,"","",""
wonderful,普通用户,http://icolor.com.cn/77,江苏,苏州,昆山市
"","",http://icolor.com.cn/,"","",""
clover,在读设计师,http://icolor.com.cn/10,上海市,上海市,奉贤区
"","",http://icolor.com.cn/,"","",""
"","",http://icolor.com.cn/,"","",""
"","",http://icolor.com.cn/,"","",""
clover,在读设计师,http://icolor.com.cn/10,上海市,上海市,奉贤区
zhenxialy,普通用户,http://icolor.com.cn/13,上海市,上海市,川沙区
"","",http://icolor.com.cn/,"","",""
"","",http://icolor.com.cn/,"","",""
"","",http://icolor.com.cn/,"","",""
"","",http://icolor.com.cn/,"","",""
"","",http://icolor.com.cn/,"","",""
"","",http://icolor.com.cn/,"","",""
wisdom,普通用户,http://icolor.com.cn/641,"","",""
wisdom,普通用户,http://icolor.com.cn/641,"","",""
wisdom,普通用户,http://icolor.com.cn/641,"","",""
wisdom,普通用户,http://icolor.com.cn/641,"","",""
wisdom,普通用户,http://icolor.com.cn/641,"","",""
wisdom,普通用户,http://icolor.com.cn/641,"","",""
wisdom,普通用户,http://icolor.com.cn/641,"","",""
wisdom,普通用户,http://icolor.com.cn/641,"","",""
wisdom,普通用户,http://icolor.com.cn/641,"","",""
wisdom,普通用户,http://icolor.com.cn/641,"","",""
wisdom,普通用户,http://icolor.com.cn/641,"","",""
wisdom,普通用户,http://icolor.com.cn/641,"","",""
wisdom,普通用户,http://icolor.com.cn/641,"","",""
wisdom,普通用户,http://icolor.com.cn/641,"","",""
wisdom,普通用户,http://icolor.com.cn/641,"","",""
wisdom,普通用户,http://icolor.com.cn/641,"","",""
chizi36,普通用户,http://icolor.com.cn/4092,上海市,上海市,川沙区
chizi36,普通用户,http://icolor.com.cn/4092,上海市,上海市,川沙区
chizi36,普通用户,http://icolor.com.cn/4092,上海市,上海市,川沙区
chizi36,普通用户,http://icolor.com.cn/4092,上海市,上海市,川沙区
chizi36,普通用户,http://icolor.com.cn/4092,上海市,上海市,川沙区
chizi36,普通用户,http://icolor.com.cn/4092,上海市,上海市,川沙区
chizi36,普通用户,http://icolor.com.cn/4092,上海市,上海市,川沙区
chizi36,普通用户,http://icolor.com.cn/4092,上海市,上海市,川沙区
chizi36,普通用户,http://icolor.com.cn/4092,上海市,上海市,川沙区
"","",http://icolor.com.cn/,"","",""
"","",http://icolor.com.cn/,"","",""
"","",http://icolor.com.cn/,"","",""
"","",http://icolor.com.cn/,"","",""
chizi36,普通用户,http://icolor.com.cn/4092,上海市,上海市,川沙区
chizi36,普通用户,http://icolor.com.cn/4092,上海市,上海市,川沙区
chizi36,普通用户,http://icolor.com.cn/4092,上海市,上海市,川沙区
chizi36,普通用户,http://icolor.com.cn/4092,上海市,上海市,川沙区
chizi36,普通用户,http://icolor.com.cn/4092,上海市,上海市,川沙区
mdjjaja,普通用户,http://icolor.com.cn/599,"","",""
mdjjaja,普通用户,http://icolor.com.cn/599,"","",""
"","",http://icolor.com.cn/,"","",""
"","",http://icolor.com.cn/,"","",""
麦唛小,"",http://icolor.com.cn/35,上海市,上海市,黄浦区
mdjjaja,普通用户,http://icolor.com.cn/599,"","",""
mdjjaja,普通用户,http://icolor.com.cn/599,"","",""
"","",http://icolor.com.cn/,"","",""
"","",http://icolor.com.cn/,"","",""
"","",http://icolor.com.cn/,"","",""
"","",http://icolor.com.cn/,"","",""
"","",http://icolor.com.cn/,"","",""
"","",http://icolor.com.cn/,"","",""
"","",http://icolor.com.cn/,"","",""
"","",http://icolor.com.cn/,"","",""
"","",http://icolor.com.cn/,"","",""
"","",http://icolor.com.cn/,"","",""
"","",http://icolor.com.cn/,"","",""
"","",http://icolor.com.cn/,"","",""
"","",http://icolor.com.cn/,"","",""
"","",http://icolor.com.cn/,"","",""
"","",http://icolor.com.cn/,"","",""
"","",http://icolor.com.cn/,"","",""
"","",http://icolor.com.cn/,"","",""
"","",http://icolor.com.cn/,"","",""
"","",http://icolor.com.cn/,"","",""
"","",http://icolor.com.cn/,"","",""
"","",http://icolor.com.cn/,"","",""
"","",http://icolor.com.cn/,"","",""
"","",http://icolor.com.cn/,"","",""
"","",http://icolor.com.cn/,"","",""
"","",http://icolor.com.cn/,"","",""
"","",http://icolor.com.cn/,"","",""
"","",http://icolor.com.cn/,"","",""
"","",http://icolor.com.cn/,"","",""
"","",http://icolor.com.cn/,"","",""
"","",http://icolor.com.cn/,"","",""
"","",http://icolor.com.cn/,"","",""
"","",http://icolor.com.cn/,"","",""
"","",http://icolor.com.cn/,"","",""
"","",http://icolor.com.cn/,"","",""
"","",http://icolor.com.cn/,"","",""
"","",http://icolor.com.cn/,"","",""
"","",http://icolor.com.cn/,"","",""
"","",http://icolor.com.cn/,"","",""
"","",http://icolor.com.cn/,"","",""
"","",http://icolor.com.cn/,"","",""
"","",http://icolor.com.cn/,"","",""
"","",http://icolor.com.cn/,"","",""
"","",http://icolor.com.cn/,"","",""
"","",http://icolor.com.cn/,"","",""
"","",http://icolor.com.cn/,"","",""
"","",http://icolor.com.cn/,"","",""
"","",http://icolor.com.cn/,"","",""
"","",http://icolor.com.cn/,"","",""
"","",http://icolor.com.cn/,"","",""
"","",http://icolor.com.cn/,"","",""
"","",http://icolor.com.cn/,"","",""
"","",http://icolor.com.cn/,"","",""
"","",http://icolor.com.cn/,"","",""
"","",http://icolor.com.cn/,"","",""
"","",http://icolor.com.cn/,"","",""
"","",http://icolor.com.cn/,"","",""
"","",http://icolor.com.cn/,"","",""
"","",http://icolor.com.cn/,"","",""
"","",http://icolor.com.cn/,"","",""
"","",http://icolor.com.cn/,"","",""
"","",http://icolor.com.cn/,"","",""
"","",http://icolor.com.cn/,"","",""
"","",http://icolor.com.cn/,"","",""
"","",http://icolor.com.cn/,"","",""
"","",http://icolor.com.cn/,"","",""
"","",http://icolor.com.cn/,"","",""
"","",http://icolor.com.cn/,"","",""
"","",http://icolor.com.cn/,"","",""
"","",http://icolor.com.cn/,"","",""
"","",http://icolor.com.cn/,"","",""
"","",http://icolor.com.cn/,"","",""
"","",http://icolor.com.cn/,"","",""
"","",http://icolor.com.cn/,"","",""
"","",http://icolor.com.cn/,"","",""
"","",http://icolor.com.cn/,"","",""
刘明燕,普通用户,http://icolor.com.cn/1816,"","",""
刘明燕,普通用户,http://icolor.com.cn/1816,"","",""
刘明燕,普通用户,http://icolor.com.cn/1816,"","",""
刘明燕,普通用户,http://icolor.com.cn/1816,"","",""
刘明燕,普通用户,http://icolor.com.cn/1816,"","",""
刘明燕,普通用户,http://icolor.com.cn/1816,"","",""
刘明燕,普通用户,http://icolor.com.cn/1816,"","",""
刘明燕,普通用户,http://icolor.com.cn/1816,"","",""
刘明燕,普通用户,http://icolor.com.cn/1816,"","",""
刘明燕,普通用户,http://icolor.com.cn/1816,"","",""
刘明燕,普通用户,http://icolor.com.cn/1816,"","",""
刘明燕,普通用户,http://icolor.com.cn/1816,"","",""
刘明燕,普通用户,http://icolor.com.cn/1816,"","",""
刘明燕,普通用户,http://icolor.com.cn/1816,"","",""
刘明燕,普通用户,http://icolor.com.cn/1816,"","",""
刘明燕,普通用户,http://icolor.com.cn/1816,"","",""
刘明燕,普通用户,http://icolor.com.cn/1816,"","",""
刘明燕,普通用户,http://icolor.com.cn/1816,"","",""
刘明燕,普通用户,http://icolor.com.cn/1816,"","",""
刘明燕,普通用户,http://icolor.com.cn/1816,"","",""
刘明燕,普通用户,http://icolor.com.cn/1816,"","",""
刘明燕,普通用户,http://icolor.com.cn/1816,"","",""
刘明燕,普通用户,http://icolor.com.cn/1816,"","",""
刘明燕,普通用户,http://icolor.com.cn/1816,"","",""
刘明燕,普通用户,http://icolor.com.cn/1816,"","",""
刘明燕,普通用户,http://icolor.com.cn/1816,"","",""
刘明燕,普通用户,http://icolor.com.cn/1816,"","",""
刘明燕,普通用户,http://icolor.com.cn/1816,"","",""
刘明燕,普通用户,http://icolor.com.cn/1816,"","",""
刘明燕,普通用户,http://icolor.com.cn/1816,"","",""
刘明燕,普通用户,http://icolor.com.cn/1816,"","",""
刘明燕,普通用户,http://icolor.com.cn/1816,"","",""
刘明燕,普通用户,http://icolor.com.cn/1816,"","",""
刘明燕,普通用户,http://icolor.com.cn/1816,"","",""
刘明燕,普通用户,http://icolor.com.cn/1816,"","",""
刘明燕,普通用户,http://icolor.com.cn/1816,"","",""
刘明燕,普通用户,http://icolor.com.cn/1816,"","",""
刘明燕,普通用户,http://icolor.com.cn/1816,"","",""
刘明燕,普通用户,http://icolor.com.cn/1816,"","",""
刘明燕,普通用户,http://icolor.com.cn/1816,"","",""
刘明燕,普通用户,http://icolor.com.cn/1816,"","",""
刘明燕,普通用户,http://icolor.com.cn/1816,"","",""
刘明燕,普通用户,http://icolor.com.cn/1816,"","",""
刘明燕,普通用户,http://icolor.com.cn/1816,"","",""
刘明燕,普通用户,http://icolor.com.cn/1816,"","",""
刘明燕,普通用户,http://icolor.com.cn/1816,"","",""
刘明燕,普通用户,http://icolor.com.cn/1816,"","",""
刘明燕,普通用户,http://icolor.com.cn/1816,"","",""
刘明燕,普通用户,http://icolor.com.cn/1816,"","",""
刘明燕,普通用户,http://icolor.com.cn/1816,"","",""
刘明燕,普通用户,http://icolor.com.cn/1816,"","",""
刘明燕,普通用户,http://icolor.com.cn/1816,"","",""
刘明燕,普通用户,http://icolor.com.cn/1816,"","",""
刘明燕,普通用户,http://icolor.com.cn/1816,"","",""
刘明燕,普通用户,http://icolor.com.cn/1816,"","",""
刘明燕,普通用户,http://icolor.com.cn/1816,"","",""
刘明燕,普通用户,http://icolor.com.cn/1816,"","",""
刘明燕,普通用户,http://icolor.com.cn/1816,"","",""
刘明燕,普通用户,http://icolor.com.cn/1816,"","",""
刘明燕,普通用户,http://icolor.com.cn/1816,"","",""
刘明燕,普通用户,http://icolor.com.cn/1816,"","",""
刘明燕,普通用户,http://icolor.com.cn/1816,"","",""
刘明燕,普通用户,http://icolor.com.cn/1816,"","",""
刘明燕,普通用户,http://icolor.com.cn/1816,"","",""
刘明燕,普通用户,http://icolor.com.cn/1816,"","",""
刘明燕,普通用户,http://icolor.com.cn/1816,"","",""
刘明燕,普通用户,http://icolor.com.cn/1816,"","",""
刘明燕,普通用户,http://icolor.com.cn/1816,"","",""
刘明燕,普通用户,http://icolor.com.cn/1816,"","",""
刘明燕,普通用户,http://icolor.com.cn/1816,"","",""
刘明燕,普通用户,http://icolor.com.cn/1816,"","",""
刘明燕,普通用户,http://icolor.com.cn/1816,"","",""
刘明燕,普通用户,http://icolor.com.cn/1816,"","",""
刘明燕,普通用户,http://icolor.com.cn/1816,"","",""
刘明燕,普通用户,http://icolor.com.cn/1816,"","",""
刘明燕,普通用户,http://icolor.com.cn/1816,"","",""
刘明燕,普通用户,http://icolor.com.cn/1816,"","",""
刘明燕,普通用户,http://icolor.com.cn/1816,"","",""
刘明燕,普通用户,http://icolor.com.cn/1816,"","",""
刘明燕,普通用户,http://icolor.com.cn/1816,"","",""
刘明燕,普通用户,http://icolor.com.cn/1816,"","",""
刘明燕,普通用户,http://icolor.com.cn/1816,"","",""
刘明燕,普通用户,http://icolor.com.cn/1816,"","",""
刘明燕,普通用户,http://icolor.com.cn/1816,"","",""
刘明燕,普通用户,http://icolor.com.cn/1816,"","",""
刘明燕,普通用户,http://icolor.com.cn/1816,"","",""
刘明燕,普通用户,http://icolor.com.cn/1816,"","",""
刘明燕,普通用户,http://icolor.com.cn/1816,"","",""
刘明燕,普通用户,http://icolor.com.cn/1816,"","",""
刘明燕,普通用户,http://icolor.com.cn/1816,"","",""
刘明燕,普通用户,http://icolor.com.cn/1816,"","",""
刘明燕,普通用户,http://icolor.com.cn/1816,"","",""
刘明燕,普通用户,http://icolor.com.cn/1816,"","",""
刘明燕,普通用户,http://icolor.com.cn/1816,"","",""
刘明燕,普通用户,http://icolor.com.cn/1816,"","",""
刘明燕,普通用户,http://icolor.com.cn/1816,"","",""
刘明燕,普通用户,http://icolor.com.cn/1816,"","",""
刘明燕,普通用户,http://icolor.com.cn/1816,"","",""
刘明燕,普通用户,http://icolor.com.cn/1816,"","",""
刘明燕,普通用户,http://icolor.com.cn/1816,"","",""
刘明燕,普通用户,http://icolor.com.cn/1816,"","",""
刘明燕,普通用户,http://icolor.com.cn/1816,"","",""
刘明燕,普通用户,http://icolor.com.cn/1816,"","",""
刘明燕,普通用户,http://icolor.com.cn/1816,"","",""
刘明燕,普通用户,http://icolor.com.cn/1816,"","",""
刘明燕,普通用户,http://icolor.com.cn/1816,"","",""
刘明燕,普通用户,http://icolor.com.cn/1816,"","",""
刘明燕,普通用户,http://icolor.com.cn/1816,"","",""
刘明燕,普通用户,http://icolor.com.cn/1816,"","",""
刘明燕,普通用户,http://icolor.com.cn/1816,"","",""
刘明燕,普通用户,http://icolor.com.cn/1816,"","",""
刘明燕,普通用户,http://icolor.com.cn/1816,"","",""
刘明燕,普通用户,http://icolor.com.cn/1816,"","",""
刘明燕,普通用户,http://icolor.com.cn/1816,"","",""
刘明燕,普通用户,http://icolor.com.cn/1816,"","",""
刘明燕,普通用户,http://icolor.com.cn/1816,"","",""
刘明燕,普通用户,http://icolor.com.cn/1816,"","",""
刘明燕,普通用户,http://icolor.com.cn/1816,"","",""
刘明燕,普通用户,http://icolor.com.cn/1816,"","",""
刘明燕,普通用户,http://icolor.com.cn/1816,"","",""
刘明燕,普通用户,http://icolor.com.cn/1816,"","",""
刘明燕,普通用户,http://icolor.com.cn/1816,"","",""
刘明燕,普通用户,http://icolor.com.cn/1816,"","",""
刘明燕,普通用户,http://icolor.com.cn/1816,"","",""
刘明燕,普通用户,http://icolor.com.cn/1816,"","",""
刘明燕,普通用户,http://icolor.com.cn/1816,"","",""
刘明燕,普通用户,http://icolor.com.cn/1816,"","",""
刘明燕,普通用户,http://icolor.com.cn/1816,"","",""
刘明燕,普通用户,http://icolor.com.cn/1816,"","",""
刘明燕,普通用户,http://icolor.com.cn/1816,"","",""
刘明燕,普通用户,http://icolor.com.cn/1816,"","",""
刘明燕,普通用户,http://icolor.com.cn/1816,"","",""
刘明燕,普通用户,http://icolor.com.cn/1816,"","",""
刘明燕,普通用户,http://icolor.com.cn/1816,"","",""
刘明燕,普通用户,http://icolor.com.cn/1816,"","",""
刘明燕,普通用户,http://icolor.com.cn/1816,"","",""
刘明燕,普通用户,http://icolor.com.cn/1816,"","",""
刘明燕,普通用户,http://icolor.com.cn/1816,"","",""
刘明燕,普通用户,http://icolor.com.cn/1816,"","",""
刘明燕,普通用户,http://icolor.com.cn/1816,"","",""
刘明燕,普通用户,http://icolor.com.cn/1816,"","",""
刘明燕,普通用户,http://icolor.com.cn/1816,"","",""
刘明燕,普通用户,http://icolor.com.cn/1816,"","",""
刘明燕,普通用户,http://icolor.com.cn/1816,"","",""
刘明燕,普通用户,http://icolor.com.cn/1816,"","",""
刘明燕,普通用户,http://icolor.com.cn/1816,"","",""
刘明燕,普通用户,http://icolor.com.cn/1816,"","",""
刘明燕,普通用户,http://icolor.com.cn/1816,"","",""
刘明燕,普通用户,http://icolor.com.cn/1816,"","",""
刘明燕,普通用户,http://icolor.com.cn/1816,"","",""
刘明燕,普通用户,http://icolor.com.cn/1816,"","",""
刘明燕,普通用户,http://icolor.com.cn/1816,"","",""
刘明燕,普通用户,http://icolor.com.cn/1816,"","",""
刘明燕,普通用户,http://icolor.com.cn/1816,"","",""
刘明燕,普通用户,http://icolor.com.cn/1816,"","",""
刘明燕,普通用户,http://icolor.com.cn/1816,"","",""
刘明燕,普通用户,http://icolor.com.cn/1816,"","",""
刘明燕,普通用户,http://icolor.com.cn/1816,"","",""
刘明燕,普通用户,http://icolor.com.cn/1816,"","",""
刘明燕,普通用户,http://icolor.com.cn/1816,"","",""
刘明燕,普通用户,http://icolor.com.cn/1816,"","",""
刘明燕,普通用户,http://icolor.com.cn/1816,"","",""
刘明燕,普通用户,http://icolor.com.cn/1816,"","",""
刘明燕,普通用户,http://icolor.com.cn/1816,"","",""
刘明燕,普通用户,http://icolor.com.cn/1816,"","",""
刘明燕,普通用户,http://icolor.com.cn/1816,"","",""
刘明燕,普通用户,http://icolor.com.cn/1816,"","",""
刘明燕,普通用户,http://icolor.com.cn/1816,"","",""
刘明燕,普通用户,http://icolor.com.cn/1816,"","",""
刘明燕,普通用户,http://icolor.com.cn/1816,"","",""
刘明燕,普通用户,http://icolor.com.cn/1816,"","",""
刘明燕,普通用户,http://icolor.com.cn/1816,"","",""
刘明燕,普通用户,http://icolor.com.cn/1816,"","",""
刘明燕,普通用户,http://icolor.com.cn/1816,"","",""
刘明燕,普通用户,http://icolor.com.cn/1816,"","",""
刘明燕,普通用户,http://icolor.com.cn/1816,"","",""
刘明燕,普通用户,http://icolor.com.cn/1816,"","",""
刘明燕,普通用户,http://icolor.com.cn/1816,"","",""
刘明燕,普通用户,http://icolor.com.cn/1816,"","",""
刘明燕,普通用户,http://icolor.com.cn/1816,"","",""
刘明燕,普通用户,http://icolor.com.cn/1816,"","",""
刘明燕,普通用户,http://icolor.com.cn/1816,"","",""
刘明燕,普通用户,http://icolor.com.cn/1816,"","",""
刘明燕,普通用户,http://icolor.com.cn/1816,"","",""
刘明燕,普通用户,http://icolor.com.cn/1816,"","",""
刘明燕,普通用户,http://icolor.com.cn/1816,"","",""
刘明燕,普通用户,http://icolor.com.cn/1816,"","",""
刘明燕,普通用户,http://icolor.com.cn/1816,"","",""
刘明燕,普通用户,http://icolor.com.cn/1816,"","",""
刘明燕,普通用户,http://icolor.com.cn/1816,"","",""
刘明燕,普通用户,http://icolor.com.cn/1816,"","",""
刘明燕,普通用户,http://icolor.com.cn/1816,"","",""
刘明燕,普通用户,http://icolor.com.cn/1816,"","",""
刘明燕,普通用户,http://icolor.com.cn/1816,"","",""
刘明燕,普通用户,http://icolor.com.cn/1816,"","",""
刘明燕,普通用户,http://icolor.com.cn/1816,"","",""
刘明燕,普通用户,http://icolor.com.cn/1816,"","",""
刘明燕,普通用户,http://icolor.com.cn/1816,"","",""
刘明燕,普通用户,http://icolor.com.cn/1816,"","",""
刘明燕,普通用户,http://icolor.com.cn/1816,"","",""
刘明燕,普通用户,http://icolor.com.cn/1816,"","",""
刘明燕,普通用户,http://icolor.com.cn/1816,"","",""
刘明燕,普通用户,http://icolor.com.cn/1816,"","",""
刘明燕,普通用户,http://icolor.com.cn/1816,"","",""
刘明燕,普通用户,http://icolor.com.cn/1816,"","",""
刘明燕,普通用户,http://icolor.com.cn/1816,"","",""
刘明燕,普通用户,http://icolor.com.cn/1816,"","",""
刘明燕,普通用户,http://icolor.com.cn/1816,"","",""
刘明燕,普通用户,http://icolor.com.cn/1816,"","",""
刘明燕,普通用户,http://icolor.com.cn/1816,"","",""
刘明燕,普通用户,http://icolor.com.cn/1816,"","",""
刘明燕,普通用户,http://icolor.com.cn/1816,"","",""
刘明燕,普通用户,http://icolor.com.cn/1816,"","",""
刘明燕,普通用户,http://icolor.com.cn/1816,"","",""
刘明燕,普通用户,http://icolor.com.cn/1816,"","",""
刘明燕,普通用户,http://icolor.com.cn/1816,"","",""
刘明燕,普通用户,http://icolor.com.cn/1816,"","",""
刘明燕,普通用户,http://icolor.com.cn/1816,"","",""
刘明燕,普通用户,http://icolor.com.cn/1816,"","",""
刘明燕,普通用户,http://icolor.com.cn/1816,"","",""
刘明燕,普通用户,http://icolor.com.cn/1816,"","",""
刘明燕,普通用户,http://icolor.com.cn/1816,"","",""
刘明燕,普通用户,http://icolor.com.cn/1816,"","",""
刘明燕,普通用户,http://icolor.com.cn/1816,"","",""
刘明燕,普通用户,http://icolor.com.cn/1816,"","",""
刘明燕,普通用户,http://icolor.com.cn/1816,"","",""
刘明燕,普通用户,http://icolor.com.cn/1816,"","",""
刘明燕,普通用户,http://icolor.com.cn/1816,"","",""
刘明燕,普通用户,http://icolor.com.cn/1816,"","",""
刘明燕,普通用户,http://icolor.com.cn/1816,"","",""
刘明燕,普通用户,http://icolor.com.cn/1816,"","",""
刘明燕,普通用户,http://icolor.com.cn/1816,"","",""
刘明燕,普通用户,http://icolor.com.cn/1816,"","",""
刘明燕,普通用户,http://icolor.com.cn/1816,"","",""
刘明燕,普通用户,http://icolor.com.cn/1816,"","",""
刘明燕,普通用户,http://icolor.com.cn/1816,"","",""
刘明燕,普通用户,http://icolor.com.cn/1816,"","",""
刘明燕,普通用户,http://icolor.com.cn/1816,"","",""
刘明燕,普通用户,http://icolor.com.cn/1816,"","",""
刘明燕,普通用户,http://icolor.com.cn/1816,"","",""
刘明燕,普通用户,http://icolor.com.cn/1816,"","",""
刘明燕,普通用户,http://icolor.com.cn/1816,"","",""
刘明燕,普通用户,http://icolor.com.cn/1816,"","",""
刘明燕,普通用户,http://icolor.com.cn/1816,"","",""
刘明燕,普通用户,http://icolor.com.cn/1816,"","",""
刘明燕,普通用户,http://icolor.com.cn/1816,"","",""
刘明燕,普通用户,http://icolor.com.cn/1816,"","",""
刘明燕,普通用户,http://icolor.com.cn/1816,"","",""
刘明燕,普通用户,http://icolor.com.cn/1816,"","",""
刘明燕,普通用户,http://icolor.com.cn/1816,"","",""
刘明燕,普通用户,http://icolor.com.cn/1816,"","",""
刘明燕,普通用户,http://icolor.com.cn/1816,"","",""
刘明燕,普通用户,http://icolor.com.cn/1816,"","",""
刘明燕,普通用户,http://icolor.com.cn/1816,"","",""
刘明燕,普通用户,http://icolor.com.cn/1816,"","",""
刘明燕,普通用户,http://icolor.com.cn/1816,"","",""
刘明燕,普通用户,http://icolor.com.cn/1816,"","",""
刘明燕,普通用户,http://icolor.com.cn/1816,"","",""
刘明燕,普通用户,http://icolor.com.cn/1816,"","",""
刘明燕,普通用户,http://icolor.com.cn/1816,"","",""
刘明燕,普通用户,http://icolor.com.cn/1816,"","",""
刘明燕,普通用户,http://icolor.com.cn/1816,"","",""
mdjjaja,普通用户,http://icolor.com.cn/599,"","",""
mdjjaja,普通用户,http://icolor.com.cn/599,"","",""
"","",http://icolor.com.cn/,"","",""
"","",http://icolor.com.cn/,"","",""
"","",http://icolor.com.cn/,"","",""
"","",http://icolor.com.cn/,"","",""
"","",http://icolor.com.cn/,"","",""
"","",http://icolor.com.cn/,"","",""
"","",http://icolor.com.cn/,"","",""
"","",http://icolor.com.cn/,"","",""
"","",http://icolor.com.cn/,"","",""
"","",http://icolor.com.cn/,"","",""
"","",http://icolor.com.cn/,"","",""
"","",http://icolor.com.cn/,"","",""
"","",http://icolor.com.cn/,"","",""
"","",http://icolor.com.cn/,"","",""
"","",http://icolor.com.cn/,"","",""
"","",http://icolor.com.cn/,"","",""
"","",http://icolor.com.cn/,"","",""
"","",http://icolor.com.cn/,"","",""
"","",http://icolor.com.cn/,"","",""
"","",http://icolor.com.cn/,"","",""
"","",http://icolor.com.cn/,"","",""
"","",http://icolor.com.cn/,"","",""
"","",http://icolor.com.cn/,"","",""
"","",http://icolor.com.cn/,"","",""
"","",http://icolor.com.cn/,"","",""
"","",http://icolor.com.cn/,"","",""
"","",http://icolor.com.cn/,"","",""
"","",http://icolor.com.cn/,"","",""
"","",http://icolor.com.cn/,"","",""
"","",http://icolor.com.cn/,"","",""
"","",http://icolor.com.cn/,"","",""
"","",http://icolor.com.cn/,"","",""
"","",http://icolor.com.cn/,"","",""
叶兔,在职设计师,http://icolor.com.cn/25,"","",""
叶兔,在职设计师,http://icolor.com.cn/25,"","",""
zhenxialy,普通用户,http://icolor.com.cn/13,上海市,上海市,川沙区
"","",http://icolor.com.cn/,"","",""
"","",http://icolor.com.cn/,"","",""
"","",http://icolor.com.cn/,"","",""
"","",http://icolor.com.cn/,"","",""
叶兔,在职设计师,http://icolor.com.cn/25,"","",""
叶兔,在职设计师,http://icolor.com.cn/25,"","",""
叶兔,在职设计师,http://icolor.com.cn/25,"","",""
"","",http://icolor.com.cn/,"","",""
"","",http://icolor.com.cn/,"","",""
"","",http://icolor.com.cn/,"","",""
"","",http://icolor.com.cn/,"","",""
"","",http://icolor.com.cn/,"","",""
"","",http://icolor.com.cn/,"","",""
"","",http://icolor.com.cn/,"","",""
"","",http://icolor.com.cn/,"","",""
mdjjaja,普通用户,http://icolor.com.cn/599,"","",""
mdjjaja,普通用户,http://icolor.com.cn/599,"","",""
"","",http://icolor.com.cn/,"","",""
"","",http://icolor.com.cn/,"","",""
"","",http://icolor.com.cn/,"","",""
"","",http://icolor.com.cn/,"","",""
"","",http://icolor.com.cn/,"","",""
mdjjaja,普通用户,http://icolor.com.cn/599,"","",""
"","",http://icolor.com.cn/,"","",""
"","",http://icolor.com.cn/,"","",""
"","",http://icolor.com.cn/,"","",""
"","",http://icolor.com.cn/,"","",""
"","",http://icolor.com.cn/,"","",""
"","",http://icolor.com.cn/,"","",""
"","",http://icolor.com.cn/,"","",""
"","",http://icolor.com.cn/,"","",""
叶兔,在职设计师,http://icolor.com.cn/25,"","",""
叶兔,在职设计师,http://icolor.com.cn/25,"","",""
叶兔,在职设计师,http://icolor.com.cn/25,"","",""
"","",http://icolor.com.cn/,"","",""
"","",http://icolor.com.cn/,"","",""
"","",http://icolor.com.cn/,"","",""
"","",http://icolor.com.cn/,"","",""
"","",http://icolor.com.cn/,"","",""
"","",http://icolor.com.cn/,"","",""
麦唛小,"",http://icolor.com.cn/35,上海市,上海市,黄浦区
zhenxialy,普通用户,http://icolor.com.cn/13,上海市,上海市,川沙区
zhenxialy,普通用户,http://icolor.com.cn/13,上海市,上海市,川沙区
zhenxialy,普通用户,http://icolor.com.cn/13,上海市,上海市,川沙区
"","",http://icolor.com.cn/,"","",""
"","",http://icolor.com.cn/,"","",""
"","",http://icolor.com.cn/,"","",""
"","",http://icolor.com.cn/,"","",""
"","",http://icolor.com.cn/,"","",""
"","",http://icolor.com.cn/,"","",""
"","",http://icolor.com.cn/,"","",""
"","",http://icolor.com.cn/,"","",""
"","",http://icolor.com.cn/,"","",""
"","",http://icolor.com.cn/,"","",""
"","",http://icolor.com.cn/,"","",""
"","",http://icolor.com.cn/,"","",""
"","",http://icolor.com.cn/,"","",""
siwia,在职设计师,http://icolor.com.cn/4119,上海市,上海市,徐汇区
"","",http://icolor.com.cn/,"","",""
"","",http://icolor.com.cn/,"","",""
"","",http://icolor.com.cn/,"","",""
叶兔,在职设计师,http://icolor.com.cn/25,"","",""
叶兔,在职设计师,http://icolor.com.cn/25,"","",""
叶兔,在职设计师,http://icolor.com.cn/25,"","",""
mdjjaja,普通用户,http://icolor.com.cn/599,"","",""
"","",http://icolor.com.cn/,"","",""
"","",http://icolor.com.cn/,"","",""
"","",http://icolor.com.cn/,"","",""
"","",http://icolor.com.cn/,"","",""
"","",http://icolor.com.cn/,"","",""
"","",http://icolor.com.cn/,"","",""
"","",http://icolor.com.cn/,"","",""
"","",http://icolor.com.cn/,"","",""
"","",http://icolor.com.cn/,"","",""
"","",http://icolor.com.cn/,"","",""
"","",http://icolor.com.cn/,"","",""
"","",http://icolor.com.cn/,"","",""
"","",http://icolor.com.cn/,"","",""
"","",http://icolor.com.cn/,"","",""
"","",http://icolor.com.cn/,"","",""
"","",http://icolor.com.cn/,"","",""
"","",http://icolor.com.cn/,"","",""
"","",http://icolor.com.cn/,"","",""
"","",http://icolor.com.cn/,"","",""
"","",http://icolor.com.cn/,"","",""
"","",http://icolor.com.cn/,"","",""
"","",http://icolor.com.cn/,"","",""
"","",http://icolor.com.cn/,"","",""
"","",http://icolor.com.cn/,"","",""
"","",http://icolor.com.cn/,"","",""
"","",http://icolor.com.cn/,"","",""
"","",http://icolor.com.cn/,"","",""
"","",http://icolor.com.cn/,"","",""
"","",http://icolor.com.cn/,"","",""
"","",http://icolor.com.cn/,"","",""
"","",http://icolor.com.cn/,"","",""
"","",http://icolor.com.cn/,"","",""
"","",http://icolor.com.cn/,"","",""
"","",http://icolor.com.cn/,"","",""
"","",http://icolor.com.cn/,"","",""
mdjjaja,普通用户,http://icolor.com.cn/599,"","",""
mdjjaja,普通用户,http://icolor.com.cn/599,"","",""
"","",http://icolor.com.cn/,"","",""
"","",http://icolor.com.cn/,"","",""
"","",http://icolor.com.cn/,"","",""
"","",http://icolor.com.cn/,"","",""
"","",http://icolor.com.cn/,"","",""
"","",http://icolor.com.cn/,"","",""
"","",http://icolor.com.cn/,"","",""
"","",http://icolor.com.cn/,"","",""
"","",http://icolor.com.cn/,"","",""
"","",http://icolor.com.cn/,"","",""
"","",http://icolor.com.cn/,"","",""
南岸,在职设计师,http://icolor.com.cn/4152,"","",""
南岸,在职设计师,http://icolor.com.cn/4152,"","",""
南岸,在职设计师,http://icolor.com.cn/4152,"","",""
南岸,在职设计师,http://icolor.com.cn/4152,"","",""
南岸,在职设计师,http://icolor.com.cn/4152,"","",""
南岸,在职设计师,http://icolor.com.cn/4152,"","",""
南岸,在职设计师,http://icolor.com.cn/4152,"","",""
南岸,在职设计师,http://icolor.com.cn/4152,"","",""
南岸,在职设计师,http://icolor.com.cn/4152,"","",""
南岸,在职设计师,http://icolor.com.cn/4152,"","",""
南岸,在职设计师,http://icolor.com.cn/4152,"","",""
南岸,在职设计师,http://icolor.com.cn/4152,"","",""
南岸,在职设计师,http://icolor.com.cn/4152,"","",""
南岸,在职设计师,http://icolor.com.cn/4152,"","",""
南岸,在职设计师,http://icolor.com.cn/4152,"","",""
南岸,在职设计师,http://icolor.com.cn/4152,"","",""
"","",http://icolor.com.cn/,"","",""
clover,在读设计师,http://icolor.com.cn/10,上海市,上海市,奉贤区
clover,在读设计师,http://icolor.com.cn/10,上海市,上海市,奉贤区
dd,普通用户,http://icolor.com.cn/36,上海市,上海市,浦东新区
clover,在读设计师,http://icolor.com.cn/10,上海市,上海市,奉贤区
mdjjaja,普通用户,http://icolor.com.cn/599,"","",""
mdjjaja,普通用户,http://icolor.com.cn/599,"","",""
"","",http://icolor.com.cn/,"","",""
"","",http://icolor.com.cn/,"","",""
"","",http://icolor.com.cn/,"","",""
"","",http://icolor.com.cn/,"","",""
"","",http://icolor.com.cn/,"","",""
"","",http://icolor.com.cn/,"","",""
"","",http://icolor.com.cn/,"","",""
"","",http://icolor.com.cn/,"","",""
"","",http://icolor.com.cn/,"","",""
mdjjaja,普通用户,http://icolor.com.cn/599,"","",""
"","",http://icolor.com.cn/,"","",""
"","",http://icolor.com.cn/,"","",""
"","",http://icolor.com.cn/,"","",""
"","",http://icolor.com.cn/,"","",""
